"ID","Label","Elevation (Ground) (m)","Elevation (Rim) (m)","Elevation (Invert) (m)","Flow (Total In) (L/s)","Flow (Total Out) (L/s)","Depth (Out) (m)","Depth (Flooding) (m)","Depth (Surcharged) (m)","Hydraulic Grade Line (Out) (m)","Hydraulic Grade Line (In) (m)","Is Overflowing?","Notes"
196,196,2.80,2.80,1.18,198.85,198.13,0.22,0.00,0.50,1.40,1.40,False,
197,197,2.66,2.66,0.31,437.31,429.01,0.94,0.00,0.50,1.25,1.25,False,
198,198,2.48,2.48,-0.13,782.89,765.60,1.36,0.00,0.50,1.23,1.23,False,
199,199,2.52,2.52,-0.34,765.60,763.59,1.55,0.00,0.50,1.21,1.21,False,
200,200,2.40,2.40,0.90,219.99,219.95,0.12,0.00,0.50,1.02,1.02,False,
201,201,2.40,2.40,0.90,86.71,86.71,0.08,0.00,0.50,0.98,0.98,False,
202,202,2.40,2.40,0.90,95.19,95.19,0.08,0.00,0.50,0.98,0.98,False,
203,203,2.40,2.40,0.90,44.64,44.64,0.05,0.00,0.50,0.95,0.95,False,
204,204,3.33,3.33,1.73,58.69,58.69,1.36,0.00,0.50,3.09,3.09,False,
205,205,3.45,3.45,1.70,110.74,110.74,1.39,0.00,0.50,3.09,3.09,False,
206,206,2.89,2.89,1.18,94.66,94.66,1.89,0.18,0.50,3.07,3.07,True,
207,207,3.12,3.12,1.36,205.40,205.40,1.70,0.00,0.50,3.06,3.06,False,
208,208,2.55,2.55,1.05,503.92,399.98,2.00,0.50,0.50,3.05,3.05,True,
209,209,3.64,3.64,1.74,173.90,173.90,1.32,0.00,0.50,3.06,3.06,False,
210,210,3.64,3.64,2.14,56.10,56.10,1.00,0.00,0.50,3.14,3.14,False,
211,211,2.57,2.57,-0.14,623.85,623.85,3.18,0.47,0.50,3.04,3.04,True,
212,212,2.94,2.94,0.80,168.10,168.10,2.27,0.13,0.50,3.07,3.07,True,
213,213,2.80,2.80,1.20,168.11,168.10,1.91,0.31,0.50,3.11,3.11,True,
214,214,3.68,3.68,2.18,58.69,58.69,0.92,0.00,0.50,3.10,3.10,False,
215,215,2.40,2.40,0.90,203.49,203.45,0.11,0.00,0.50,1.01,1.01,False,
216,216,2.40,2.40,0.90,203.49,203.45,0.11,0.00,0.50,1.01,1.01,False,
217,217,2.40,2.40,0.90,309.22,309.14,0.14,0.00,0.50,1.04,1.04,False,
218,218,3.40,3.40,1.65,40.36,40.30,0.08,0.00,0.50,1.73,1.73,False,
219,219,2.40,2.40,0.50,91.54,0.00,0.16,0.00,0.50,0.66,0.66,False,
220,220,2.40,2.40,0.23,306.73,165.13,0.57,0.00,0.50,0.80,0.80,False,
221,221,2.40,2.40,0.60,206.50,206.50,0.33,0.00,0.50,0.93,0.93,False,
222,222,2.40,2.40,0.60,47.55,47.36,0.38,0.00,0.50,0.98,0.98,False,
223,223,2.40,2.40,0.60,206.50,205.31,0.41,0.00,0.50,1.01,1.01,False,
224,224,2.40,2.40,0.23,563.01,0.00,0.53,0.00,0.50,0.76,0.76,False,
225,225,2.40,2.40,0.60,45.95,39.65,0.24,0.00,0.50,0.84,0.84,False,
226,226,2.40,2.40,0.23,244.77,745.17,0.59,0.00,0.50,0.82,0.82,False,
227,227,2.40,2.40,0.60,205.50,205.12,0.37,0.00,0.50,0.97,0.97,False,
228,228,2.77,2.77,1.07,170.66,169.99,0.22,0.00,0.50,1.29,1.29,False,
229,229,2.50,2.50,0.30,358.62,321.92,0.93,0.00,0.50,1.23,1.23,False,
230,230,2.55,2.55,-0.16,642.53,707.38,1.39,0.00,0.50,1.23,1.23,False,
231,231,2.53,2.53,-0.32,707.38,709.62,1.53,0.00,0.50,1.21,1.21,False,
232,232,2.40,2.40,0.60,132.88,132.85,0.10,0.00,0.50,0.70,0.70,False,
233,233,2.40,2.40,0.60,132.11,132.09,0.10,0.00,0.50,0.70,0.70,False,
234,234,2.40,2.40,0.60,152.23,152.23,0.11,0.00,0.50,0.71,0.71,False,
235,235,2.40,2.40,0.90,122.32,122.31,0.09,0.00,0.50,0.99,0.99,False,
236,236,2.41,2.41,0.91,139.91,139.90,0.09,0.00,0.50,1.00,1.00,False,
237,237,2.42,2.42,0.92,130.60,130.59,0.09,0.00,0.50,1.01,1.01,False,
238,238,2.42,2.42,0.92,96.88,96.87,0.08,0.00,0.50,1.00,1.00,False,
239,239,3.76,3.76,2.18,85.99,84.36,0.15,0.00,0.50,2.33,2.33,False,
240,240,3.57,3.57,2.27,178.34,177.70,0.19,0.00,0.50,2.46,2.46,False,
241,241,2.55,2.55,0.64,457.90,457.27,0.15,0.00,0.50,0.79,0.79,False,
242,242,2.55,2.55,0.64,181.16,181.02,0.09,0.00,0.50,0.73,0.73,False,
243,243,2.84,2.84,1.14,30.86,30.83,0.08,0.00,0.50,1.22,1.22,False,
244,244,2.84,2.84,1.15,81.35,81.26,0.13,0.00,0.50,1.28,1.28,False,
245,245,2.85,2.85,1.35,98.47,98.32,0.19,0.00,0.50,1.54,1.54,False,
246,246,3.38,3.38,0.86,395.35,394.59,0.35,0.00,0.50,1.21,1.21,False,
247,247,3.41,3.41,1.12,299.52,298.83,0.32,0.00,0.50,1.44,1.44,False,
248,248,3.51,3.51,1.24,117.80,117.39,0.25,0.00,0.50,1.49,1.49,False,
249,249,3.44,3.44,1.54,117.97,117.80,0.22,0.00,0.50,1.76,1.76,False,
250,250,3.49,3.49,1.65,0.00,0.00,0.00,0.00,0.50,1.65,1.65,False,
251,251,3.49,3.49,1.56,0.00,0.00,0.00,0.00,0.50,1.56,1.56,False,
252,252,3.27,3.27,1.35,0.00,0.02,0.00,0.00,0.50,1.35,1.35,False,
253,253,2.85,2.85,1.09,279.28,278.04,0.25,0.00,0.50,1.34,1.34,False,
254,254,2.98,2.98,0.69,278.04,260.96,0.36,0.00,0.50,1.05,1.05,False,
255,255,2.55,2.55,-0.13,1587.86,0.00,0.69,0.00,0.50,0.56,0.56,False,
256,256,2.86,2.86,1.36,69.20,68.84,0.12,0.00,0.50,1.48,1.48,False,
257,257,3.68,3.68,1.98,93.15,92.98,0.21,0.00,0.50,2.19,2.19,False,
258,258,3.68,3.68,1.70,225.76,225.14,0.30,0.00,0.50,2.00,2.00,False,
259,259,3.56,3.56,1.52,225.14,224.98,0.15,0.00,0.50,1.67,1.67,False,
260,260,2.47,2.47,0.17,556.65,554.96,0.47,0.00,0.50,0.64,0.64,False,
261,261,3.44,3.44,0.05,799.69,786.60,0.49,0.00,0.50,0.54,0.54,False,
262,262,3.59,3.59,-0.33,827.89,827.95,0.76,0.00,0.50,0.43,0.43,False,
263,263,2.95,2.95,-0.63,1173.12,1132.50,1.05,0.00,0.50,0.42,0.42,False,
264,264,3.08,3.08,-0.78,1434.12,1403.02,1.19,0.00,0.50,0.41,0.41,False,
265,265,3.02,3.02,-0.97,1818.68,2239.41,1.38,0.00,0.50,0.41,0.41,False,
266,266,2.67,2.67,1.17,0.00,0.00,0.00,0.00,0.50,1.17,1.17,False,
267,267,2.72,2.72,1.22,89.59,89.18,0.13,0.00,0.50,1.35,1.35,False,
268,268,2.98,2.98,-1.01,2446.40,1938.84,1.41,0.00,0.50,0.40,0.40,False,
269,269,3.45,3.45,1.95,48.99,48.97,0.10,0.00,0.50,2.05,2.05,False,
270,270,3.45,3.45,1.75,115.91,115.77,0.15,0.00,0.50,1.90,1.90,False,
271,271,2.52,2.52,-1.14,2592.59,2584.72,1.54,0.00,0.50,0.40,0.40,False,
272,272,3.00,3.00,1.30,259.03,258.51,0.23,0.00,0.50,1.53,1.53,False,
273,273,3.07,3.07,1.57,305.49,304.48,0.28,0.00,0.50,1.85,1.85,False,
274,274,2.41,2.41,-1.33,3740.52,3679.79,1.73,0.00,0.50,0.40,0.40,False,
275,275,2.40,2.40,-0.41,890.67,878.76,0.85,0.00,0.50,0.44,0.44,False,
276,276,2.40,2.40,0.50,457.91,455.43,0.44,0.00,0.50,0.94,0.94,False,
277,277,2.50,2.50,0.30,455.43,449.72,0.44,0.00,0.50,0.74,0.74,False,
278,278,2.40,2.40,-0.05,623.08,613.42,0.60,0.00,0.50,0.55,0.55,False,
279,279,2.40,2.40,-0.19,769.31,760.42,0.68,0.00,0.50,0.49,0.49,False,
280,280,2.40,2.40,-0.24,760.42,751.99,0.72,0.00,0.50,0.48,0.48,False,
281,281,2.40,2.40,-0.41,223.02,222.26,0.78,0.00,0.50,0.37,0.37,False,
282,282,2.40,2.40,-0.10,215.68,681.87,0.50,0.00,0.50,0.40,0.40,False,
283,283,3.36,3.36,1.66,121.64,121.55,0.15,0.00,0.50,1.81,1.81,False,
284,284,3.07,3.07,0.76,493.68,491.67,0.43,0.00,0.50,1.19,1.19,False,
285,285,2.93,2.93,1.43,213.86,213.37,0.24,0.00,0.50,1.67,1.67,False,
286,286,3.16,3.16,0.31,689.80,686.05,0.55,0.00,0.50,0.86,0.86,False,
287,287,2.87,2.87,-0.10,1091.18,1106.57,0.67,0.00,0.50,0.57,0.57,False,
288,288,4.01,4.01,2.59,116.42,116.23,0.14,0.00,0.50,2.73,2.73,False,
289,289,2.40,2.40,-0.55,323.75,323.67,1.16,0.00,0.50,0.61,0.61,False,
290,290,2.40,2.40,-0.45,95.63,95.45,1.05,0.00,0.50,0.60,0.60,False,
291,291,2.40,2.40,-0.45,315.09,314.94,1.05,0.00,0.50,0.60,0.60,False,
292,292,2.40,2.40,-0.45,245.48,245.06,1.05,0.00,0.50,0.60,0.60,False,
293,293,2.40,2.40,-0.45,329.16,328.53,1.06,0.00,0.50,0.61,0.61,False,
294,294,2.40,2.40,-0.45,314.98,314.83,1.05,0.00,0.50,0.60,0.60,False,
295,295,2.40,2.40,-0.45,259.17,258.68,1.05,0.00,0.50,0.60,0.60,False,
296,296,2.40,2.40,-0.45,83.16,82.97,1.05,0.00,0.50,0.60,0.60,False,
297,297,2.40,2.40,-0.45,72.38,72.19,1.05,0.00,0.50,0.60,0.60,False,
298,298,2.40,2.40,-0.45,88.51,88.32,1.05,0.00,0.50,0.60,0.60,False,
299,299,2.40,2.40,-0.45,121.73,121.55,1.05,0.00,0.50,0.60,0.60,False,
300,300,2.40,2.40,-0.45,144.26,144.09,1.05,0.00,0.50,0.60,0.60,False,
301,301,3.35,3.35,1.45,91.82,91.20,0.18,0.00,0.50,1.63,1.63,False,
302,302,3.35,3.35,1.01,178.77,177.62,0.26,0.00,0.50,1.27,1.27,False,
303,303,3.51,3.51,0.57,411.57,411.47,0.17,0.00,0.50,0.74,0.74,False,
304,304,2.58,2.58,0.68,171.44,170.38,0.25,0.00,0.50,0.93,0.93,False,
305,305,2.42,2.42,-0.08,563.15,581.12,0.26,0.00,0.50,0.18,0.18,False,
306,306,3.17,3.17,1.47,108.81,108.61,0.19,0.00,0.50,1.66,1.66,False,
307,307,2.99,2.99,0.91,725.08,692.43,0.31,0.00,0.50,1.22,1.22,False,
308,308,3.17,3.17,1.00,585.61,616.47,0.45,0.00,0.50,1.45,1.45,False,
309,309,3.05,3.05,1.35,345.60,344.70,0.40,0.00,0.50,1.75,1.75,False,
310,310,3.35,3.35,1.85,106.37,106.31,0.19,0.00,0.50,2.04,2.04,False,
311,311,3.50,3.50,2.00,69.09,68.94,0.12,0.00,0.50,2.12,2.12,False,
312,312,2.48,2.48,0.38,857.21,856.80,0.22,0.00,0.50,0.60,0.60,False,
313,313,2.46,2.46,0.96,182.96,182.24,0.42,0.00,0.50,1.38,1.38,False,
314,314,2.81,2.81,0.32,374.90,373.21,0.91,0.00,0.50,1.23,1.23,False,
315,315,2.47,2.47,-0.60,715.74,715.69,1.81,0.00,0.50,1.21,1.21,False,
316,316,2.40,2.40,-0.45,110.12,109.92,1.01,0.00,0.50,0.56,0.56,False,
317,317,2.40,2.40,-0.45,100.76,100.56,1.01,0.00,0.50,0.56,0.56,False,
318,318,2.40,2.40,-0.45,127.16,126.97,1.01,0.00,0.50,0.56,0.56,False,
319,319,2.40,2.40,-0.45,219.64,219.49,1.02,0.00,0.50,0.57,0.57,False,
320,320,2.40,2.40,-0.45,195.43,195.26,1.02,0.00,0.50,0.57,0.57,False,
321,321,2.40,2.40,-0.45,140.95,140.79,1.01,0.00,0.50,0.56,0.56,False,
322,322,2.40,2.40,-0.45,248.63,248.49,1.02,0.00,0.50,0.57,0.57,False,
323,323,2.40,2.40,-0.45,105.94,105.73,1.01,0.00,0.50,0.56,0.56,False,
324,324,3.36,3.36,1.86,106.55,106.50,0.17,0.00,0.50,2.03,2.03,False,
325,325,3.11,3.11,1.44,221.13,220.95,0.19,0.00,0.50,1.63,1.63,False,
326,326,2.48,2.48,0.77,399.19,399.19,0.11,0.00,0.50,0.88,0.88,False,
327,327,3.40,3.40,1.90,178.95,178.24,0.22,0.00,0.50,2.12,2.12,False,
328,328,3.34,3.34,1.84,114.70,114.63,0.18,0.00,0.50,2.02,2.02,False,
329,329,2.40,2.40,-0.45,100.57,100.36,1.01,0.00,0.50,0.56,0.56,False,
330,330,3.38,3.38,1.88,195.80,195.21,0.30,0.00,0.50,2.18,2.18,False,
331,331,3.11,3.11,1.51,195.21,194.98,0.12,0.00,0.50,1.63,1.63,False,
332,332,2.56,2.56,0.45,492.92,492.92,0.23,0.00,0.50,0.68,0.68,False,
333,333,2.50,2.50,0.00,364.02,0.00,0.62,0.00,0.50,0.62,0.62,False,
334,334,3.30,3.30,0.80,104.45,104.44,0.11,0.00,0.50,0.91,0.91,False,
